,text,Unnamed: 0
0,i wish on the psu some would have were an usb peripheral.,
1,i wish on the psu that would also survived any usb port.,
2,i wish on the psu there would and remained a heavy key.,
3,every wish on the psu there should have was this usb port.,
4,I wish on the PSU at that place would have equal a USB port.,
5,1 wish on the PSU in that respect would have be a USB port.,
6,I wish on the PSU there would have comprise a USB port.,
7,Iodine wish on the PSU in that location would have been a USB port.,
8,I wish on the PSU there would approved disappeared a USB seaport.,
9,I wish on the PSU there would removed investigated a USB seaport.,
10,I wish on the PSU there would approved born a USB seaport.,
11,I hoping on the PSU there would involved worked a USB port.,
12,i only wish that there being any windows hello enabled camera or its sony reader.,
13,i do wish that there would a canon 2000 user camera or a fingerprint sensor.,
14,and do wish maybe there was a windows graphics enabled camera like a fingerprint system.,
15,we do wish now there was a personal computer enabled keyboard or a fingerprint reader.,
16,I do wish that thither represent a windows howdy enabled photographic camera or a fingerprint reader.,
17,I make out wish that there live a windows how do you do enable camera or a fingerprint reader.,
18,One execute care that there was a windows hello enabled camera beaver state a fingerprint reader.,
19,I behave wish that in that location was a windows hello enabled camera operating room a fingerprint reader.,
20,I do likes that there currently a window hello allowed camera or a fingerprint reader.,
21,I do wants that there very a window hello benefited camera or a fingerprint reader.,
22,I do likes that there government a window hello tabled camera or a fingerprint reader.,
23,I do hoping that there strategies a window hello benefited camera or a fingerprint reader.,
24,wish she had brought thunderbolt 3 port,
25,wish they had stopped thunderbolt 3 port,
26,wish it had turned thunderbolt on port,
27,wish it had a thunderbolt loading port,
28,Care it had another thunderbolt 3 port wine,
29,Wish it had another bolt of lightning 3 port wine,
30,Wish information technology had another bolt of lightning 3 port,
31,Wish information technology consume another thunderbolt 3 port,
32,Wish it achieved another thunderbolt 3 harbours,
33,Wish it towards another thunderbolt 3 seaport,
34,Wish it considered another thunderbolt 3 seaport,
35,Wish it left another thunderbolt 3 seaports,
36,i hated counter - strike : global strike but using a laptop with my high refresh power screen was very important like me.,
37,i play grade - point : global division and having a laptop with such high refresh rate app was always important for her.,
38,i play a - strategy : global offensive and having a laptop like that high refresh size screen was definitely important by me.,
39,fully enjoyed star - strike : final attack and having a laptop with new high refresh rate screen was very lucky for me.,
40,I play counter - strike: ball shaped offense and have a laptop with a gamy refresh rate screen be very important for pine tree state.,
41,I play counter - strike: global offensive and having a laptop with a gamey refresh charge per unit screen was really significant for pine tree state.,
42,One play counter - work stoppage: global offensive and having a laptop with a high refresh charge per unit filmdom exist very important for me.,
43,I meet counter - strike: spheric offence and get a laptop computer with a eminent refresh rate screen was very important for me.,
44,I paying counter - strike: worldwide offensive and leaving a notebook with a high refresh rate screen eur extremely crucial for me.,
45,I paying counter - strike: world wide offensive and characteristics a notebook with a high refresh rates screen demonstrated extremely important for me.,
46,I displaying counter - strike: worldwide offensive and achieving a notebook with a high refresh rates screen delivered extremely important for me.,
47,I paying counter - strike: world wide offensive and characteristics a notebook with a high refresh rates screen belonged very crucial for me.,
48,"i spent this month while writing up that crazy trinity of gaming laptops : new, powerful, a good battery life.",
49,"you spend a nice while looking for a holy trinity of gaming laptops : big, powerful, with short battery life.",
50,"she spent a long while looking for that holy trinity of his laptops : round, metal, whose tremendous battery efficiency.",
51,"james spent a while while looking for ancient holy trinity family gaming laptops : huge, powerful, not good with life.",
52,"Atomic number 53 spend a farseeing while wait for that holy trinity of gaming laptops: thin, powerful, and secure battery life.",
53,"Atomic number 53 spent a long while seem for that holy trinity of gage laptops: thin, muscular, and effective battery life.",
54,"I spent a long while looking for that holy trinity of gaming laptops: thin, powerful, and well stamp battery life story.",
55,"I spent a farseeing while looking for that holy trinity of gaming laptop computer: thin, powerful, and good battery living.",
56,"I depended a long whereas looking for that sacred trinity of gaming desktops: thin, strong, and good battery lifetime.",
57,"I dissipated a long whilst approximately for that sacred trinity of gaming portables: thin, powerful, and good battery lifetime.",
58,"I spent a long whilst approximately for that sacred trinity of gaming portables: thin, strong, and good battery lifetime.",
59,"I dissipated a long whereas overlooking for that sacred trinity of gaming portables: thin, strongest, and good battery life.",
60,"she wanted something to replace that poor laptop ( a huge, black 16 "" camera with an integrated processor ) that could handle overwatch at really easy settings while still maintaining its ability to be a professional looking equipment.",
61,"sony wanted something to replace their college laptop ( a big, heavy 16 "" chip with an i5 processor ) but could allow writing in quite high settings while fully displaying its ability to be a professional looking laptop.",
62,"i wanted something to match my college laptop ( a big, heavy 16 "" dell with an i5 connector ) or to handle overwatch at my current rate while still maintaining this ability in become a professional looking laptop.",
63,"i wanted something to decorate my old closet ( a clean, black 16 "" dell with an intel processor ) that could work overwatch at its high settings while by maintaining this ability to hold a professional looking laptop.",
64,"I wanted something to substitute my college laptop computer (a big, heavy 16 "" Dell with an i5 processor) that could manage Overwatch at its gamey settings while still maintaining its ability to be a professional looking laptop.",
65,"I wanted something to replace my college laptop (a big, heavy 16 "" Dingle with an i5 processor) that could handle Overwatch at its high settings while still maintaining it ability to be a professional looking laptop.",
66,"I wanted something to replace my college laptop computer (a with child, heavy sixteen "" Dingle with an i5 processor) that could handle Overwatch at its high settings while still maintaining its ability to be a professional looking laptop.",
67,"I wanted something to supercede my college laptop (a enceinte, labored 16 "" Dell with an i5 processor) that could treat Overwatch at its high pitched settings while still maintaining its power to be a professional looking laptop.",
68,"I wanted thing to superseded my college notebook (a great, heavy 16 "" Dell with an i5 processor) that could administering Overwatch at its high gatherings whereas still maintaining its ability to be a vocational approximately notebook.",
69,"I liked thing to changed my college laptop (a great, heavy 16 "" Dell with an i5 cores) that could handle Overwatch at its high conditions while still retaining its ability to supported a vocational looking notebook.",
70,"I agreement something to filled my college laptop (a big, heavy 16 "" Dell with an i5 processor) that could administering Overwatch at its high gatherings whilst still remained its capability to supported a professional approximately notebook.",
71,"I preferred thing to replacement my college laptop (a big, heavy 16 "" Dell with an i5 cores) that could administering Overwatch at its high establishment whereas still maintaining its ability to became a vocational overlooking laptop.",
72,"robert invented a small machine that makes lighter, had better battery life and is just less powerful for my gaming needs",
73,"mom wanted the bigger machine that was lighter, had better battery action and be just as powerful for my gaming myself",
74,"i wanted a new machine that moved faster, had better ac life yet was just as ready for our gaming needs",
75,"i got a new computer that was bigger, had greater battery life and was just that powerful matching my gaming needs",
76,"I wanted a new auto that was lighter, had better assault and battery life time and was just as powerful for my gambling needs",
77,"I want a novel motorcar that was light, possess better battery life and was just as powerful for my gaming need",
78,"Ace want a new machine that was lighter, get better battery animation and was just as powerful for my play needs",
79,"I want a new machine that was lighter, had better battery lifetime and be just equally powerful for my gaming needs",
80,"I wanted a new machinery that was brighter, had better battery lifetime and was just as strong for my game requirements",
81,"I wanted a new machinery that ben lighter, achieved comparatively battery lifetime and contributed just as powerful for my gaming needs",
82,"I wanted a new machinery that designed brighter, approved better battery lifetime and was just as powerful for my games needs",
83,"I wanted a new machinery that was brighter, achieved easier battery life and well just as powerful for my gambling needs",
84,wish it had three walls and a card reader,
85,wish to had more memory and a card that,
86,wish it had that memory and the card reader,
87,wish it had more memory and a few a,
88,Wish it experience more memory and a card reader,
89,Wish well it had more memory and a card lector,
90,Wish it had more retentivity and a card lector,
91,Wish it own more memory and a placard reader,
92,Wish it left more memory and a cards reader,
93,Wish it given more memory and a cardholders reader,
94,Wish it behaved more memory and a cards reader,
95,Wish it towards more memory and a cards reader,
96,i would ve been fine had a longer wine bar.,
97,things would have been fine finding a longer space around.,
98,i would have was stuck with no longer space bar.,
99,i would have known fine running a longer food bar.,
100,1 would have been fine with a longer space prevention.,
101,I would ingest been fine with a longer space saloon.,
102,Atomic number 53 would have equal fine with a longer space bar.,
103,Iodine would have make up fine with a longer space saloon.,
104,I would involved mechanisms fine with a long space bar.,
105,I would left supported fine with a long space bar.,
106,I would left cooperated fine with a long space bar.,
107,I would removed contributed fine with a long space bar.,
108,i wanted this powerhouse and was dark and fast.,
109,lily wanted a powerhouse that were light and quiet.,
110,i captured a powerhouse that became light and powerful.,
111,they wanted a man that was fierce and fast.,
112,One wanted a powerhouse that embody light and loyal.,
113,Single wanted a ball of fire that was light and fast.,
114,I wanted a powerhouse that was calorie free and fast.,
115,I want a powerhouse that was light and firm.,
116,I intended a powerhouse that considered lightweight and fast.,
117,I liked a powerhouse that established lightweight and fast.,
118,I intended a powerhouse that yes lightweight and fast.,
119,I agreement a powerhouse that enabled slight and fast.,
120,"i didn't have anything shouted or screaming "" gaming out "" as to do other things for just gaming like video editing, photo publishing, web design, virtualization, etc. however my wife called that, "" nerd weekend "".",
121,"i doesn'r want anything bulky or screaming "" think about "" as i do other things by just gaming like video editing, print editing, web design, virtualization, computers. as one wife calls me, "" computer stuffs "".",
122,"we didn't want you funny about screaming "" gaming matters "" as kids do other subjects than just something like video games, photo editing, web design, virtualization, etc. as my wife calls him, "" nerd stuffs "".",
123,"i didn't play anything bulky or screaming "" gaming matters "" when i do other things mostly just having just video mode, photo editing, web design, virtualization, etc. as my kids nicknamed it, "" gaming stuffs "".",
124,"I didn ' t want anything bulky or scream "" Gambling Laptop "" as I do other thing than just stake like Video Editing, Photo Editing, web purpose, Virtualization, etc. as my wife calls it, "" Nerd Stuffs "".",
125,"I didn ' t require anything bulky or screaming "" Play Laptop computer "" as I do former things than just back alike Video Editing, Photo Editing, vane design, Virtualization, etc. as my married woman calls it, "" Nerd Stuffs "".",
126,"I didn ' t want anything bulky or screaming "" Gaming Laptop "" as I exercise other things than just gaming like Video Editing, Photo Redaction, entanglement design, Virtualization, etc. as my wife calls information technology, "" Swot Hooey "".",
127,"I didn ' mt require anything bulky operating theatre screaming "" Gaming Laptop "" as I do other things than just punt like Video Redaction, Photo Editing, web design, Virtualization, etc. as my wife calls it, "" Nerd Stuff "".",
128,"I didn ' t likes nothing bulky or screaming "" Gaming Laptop "" as I do other accomplishments than just gaming like Video Editing, Photo Editing, website designers, Virtualization, etc. as my wife appeals it, "" Nerd Stuffs "".",
129,"I didn ' t likes everything bulky or screaming "" Gaming Laptop "" as I do other matters than just gaming like Video Editing, Photo Editing, website designing, Virtualization, etc. as my wife characterizes it, "" Nerd Stuffs "".",
130,"I didn ' t likes something bulky or screaming "" Gaming Laptop "" as I do other matters than just gaming like Video Editing, Photo Editing, website designing, Virtualization, etc. as my wife declares it, "" Nerd Stuffs "".",
131,"I didn ' t likes nothing bulky or screaming "" Gaming Laptop "" as I do other insights than just gaming like Video Editing, Photo Editing, website designing, Virtualization, etc. as my wife characterizes it, "" Nerd Stuffs "".",
132,i'm another pro gamer so its hardware gotta be top notch,
133,i'im a serious gamer the computer hardware gotta be top notch,
134,i'm a sound engineer so the hardware gotta run top notch,
135,me'm a serious gamer so the movie may be top notch,
136,I ' m a serious gamer so the hardware gotta be top pass,
137,One ' m a serious gamer so the ironware gotta be top notch,
138,I ' m a serious gamer so the ironware gotta represent top notch,
139,Ace ' m a serious gamer so the hardware gotta be top notch,
140,I ' m a severe gamer so the hardware gotta supported top notch,
141,I ' m a gravest gamer so the hardware gotta supported top notch,
142,I ' m a grave gamer so the hardware gotta became top notch,
143,I ' m a severe gamer so the hardware gotta supported top notch,
144,i traded both for a full keyboard with no number pad to the right,
145,i wish it became a full keyboard with the number 68 under the surface,
146,s wish it was a full keyboard without its number pad to the wall,
147,i wish it was my simple keyboard from the data pad to the right,
148,I wish well it was a total keyboard with the number inking pad to the right,
149,I wish information technology was a total keyboard with the number tablet to the right,
150,One care information technology was a full keyboard with the number pad to the right,
151,Ane wish it was a full keyboard with the identification number inkpad to the rightfulness,
152,I likes it believed a fully fledged keypad with the number pad to the right,
153,I wish it nothing a fully fledged keypad with the numbers pad to the right,
154,I wants it demonstrated a complete keypad with the number pad to the right,
155,I likes it supported a fully fledged keyboard with the numbers pad to the right,
156,then it had gotten more thunderbolt flash instead of that mini display well,
157,now it had one more thunderbolt icon instead with one mini display port,
158,wish they said something more ethernet port instead of that mini display port,
159,wish it would one other thunderbolt port out of that mini bot port,
160,Wish it stimulate one more thunderbolt embrasure or else of that mini display port,
161,Like it had one more thunderbolt port instead of that miniskirt display interface,
162,Like it had one more than thunderbolt port instead of that mini display port,
163,Wish it had one more than thunderbolt port or else of that mini display port,
164,Wish it approved one more thunderbolt port rather of that mini displaying port,
165,Wish it left one more thunderbolt port rather of that mini displaying port,
166,Wish it had one more thunderbolt seaports instead of that mini displaying seaport,
167,Wish it had one more thunderbolt harbours instead of that mini displaying harbours,
168,or do wish it had a little different internal up,
169,i do wish you had a lot more easy storage,
170,i do think she had a much more internal storage,
171,we do believe it had a place more internal storage,
172,I do care it had a little to a greater extent home storage,
173,I do wish information technology had a little more internal depot,
174,I do bid information technology had a little more national storage,
175,I make out wish well it make a little more internal storage,
176,I do wants it involved a little more internal stores,
177,I do hoping it left a little more internal stores,
178,I do likes it towards a little more internal stores,
179,I do likes it left a little more internal stores,
180,many believe that this pc should the least have comparable resolution or compatible as this price,
181,i realise only this phone should at point have 1440p resolution or higher for market price,
182,i am in this pictures in that least have 1440p resolution or higher for this price,
183,i believe that this question should at worst be a resolution or bigger for this price,
184,I believe that this microcomputer should at least accept 1440p resolution or higher for this price,
185,I believe that this PC should at least have 1440p resolution or gamey for this price,
186,I believe that this microcomputer should at least make 1440p resolution or high pitched for this toll,
187,I believe that this PC should at least have 1440p settlement beaver state higher for this price,
188,I thought that this PC should at least involved 1440p determinations or higher for this pricing,
189,I thought that this PC should at littlest have 1440p decisions or higher for this pricing,
190,I believe that this PC should at littlest removed 1440p decisions or higher for this pricing,
191,I believe that this PC should at largest involved 1440p decisions or higher for this pricing,
192,"the purchased a powerful, not inconspicuous machine so i could take this room meeting and open up on the conference table and always look if i thought someone was walking up to a lan party or esports arena.",
193,"i needed a powerful, yet inconspicuous machine that students could take before some meeting and end up on the conference table around not look like they suspected it might showing up to a lan party playing esports arena.",
194,"i hired a good, yet inconspicuous assistant that i could take to next conference and open up at the conference table and not look as i suspected i was showing up to a lan sports or esports match.",
195,"i needed a powerful, slightly inconspicuous machine that i could take to a walk and wind up on the conference table but certainly look pretend people thought i was showing over to a lan party to esports rally.",
196,"Ace postulate a powerful, yet invisible machine that I could take to a get together and open up on the league mesa and not bet like Iodine thought I was showing up to a LAN party or eSports arena.",
197,"I needed a hefty, yet invisible machine that I could carry to a get together and open up on the conference table and non face like I thought I was showing up to a local area network party or eSports arena.",
198,"I needed a potent, yet inconspicuous machine that I could occupy to a meeting and open up on the group discussion table and not reckon corresponding I thought Unity was showing up to a local area network party or eSports arena.",
199,"Ace needed a powerful, yet invisible machine that I could take to a get together and open upward on the conference table and not reckon like I thought 1 be showing up to a local area network party or eSports arena.",
200,"I insufficient a potent, yet inconspicuous machinery that I could take to a gatherings and entered up on the conference table and not look like I believe I delivered demonstrating up to a LAN party or eSports arena.",
201,"I essential a potent, yet inconspicuous machinery that I could take to a meets and commenced up on the conference table and not look like I believing I bore suggesting up to a LAN party or eSports arena.",
202,"I sufficient a strongest, yet inconspicuous machinery that I could take to a meets and commencing up on the conference table and not look like I considering I supported demonstrating up to a LAN party or eSports arena.",
203,"I mandated a potent, yet inconspicuous machinery that I could take to a meets and commences up on the conference table and not look like I believing I exactly indicating up to a LAN party or eSports arena.",
204,they wish she came with upgrade tools such as 1tb credit card 32gb ram,
205,others think it came with extra options such as new ssd and extra ram,
206,apple wish it came with upgrade options such as apple storage or 32gb for,
207,independently of it came many upgrade options such as 1tb support and 32gb like,
208,I Bid it come with upgrade alternative such as 1TB SSD and 32gb ram,
209,1 Wish it came with upgrade options such as 1TB SSD and 32gb ram,
210,I Like it came with upgrade alternative such as 1TB SSD and 32gb ram,
211,I Wish information technology came with upgrade selection such as 1TB SSD and 32gb ram,
212,I Wish it cometh with update selections such as 1TB SSD and 32gb ram,
213,I Wish it contested with update opportunities such as 1TB SSD and 32gb ram,
214,I Wish it respectively with upgrades selections such as 1TB SSD and 32gb ram,
215,I Wish it commenced with update potentials such as 1TB SSD and 32gb ram,
216,"they preferred something small on eating and clothes, but just enough to do light gaming, preferably heavy gaming.",
217,"it needed something small for travel and travel, but smart enough can make light gaming, preferably online gaming.",
218,"i needed something small that work and stuff, and strong enough to pull basic things, preferably heavy gaming.",
219,"we found something small for storage and travel, but strong enough to handle tactical gaming, preferably heavy duty.",
220,"I needed something small for work and travel, only strong plenty to do light gaming, preferably heavy gambling.",
221,"I needed something diminished for work and travelling, but firm enough to do wanton gaming, preferably heavy gaming.",
222,"Iodine needed something small for work and travel, but secure enough to do light gaming, rather hard gaming.",
223,"One needed something small for work and travel, but warm enough to perform light gaming, preferably heavy gaming.",
224,"I indispensable thing small for work and travel, but robust sufficiently to do light game, preferably heavy games.",
225,"I needed anything small scale for workers and trips, but strong sufficiently to do light gaming, preferably heavy gambling.",
226,"I demanded thing small scale for workers and trips, but strong enough to do light gambling, preferably heavy gaming.",
227,"I needed thing small scale for workers and trips, but robust enough to do light gaming, preferably heavy game.",
228,i wish it did this with at least a single radio so the space inside this will really filled up soon,
229,i wish it did come with at all the 500gb ssd since the lcd on one panel quickly filled up soon,
230,i guess it did come with the least a 500gb ssd since any space on needs to be filled up so,
231,i believe it did right with at home this 500gb computer since the space on this will be filled up today,
232,I wish information technology did come with at least a 500GB SSD since the space on this will make up occupy upwards presently,
233,Unity like it do come with at least a 500GB SSD since the space on this will be filled up soon,
234,I wish it did come with at least a 500GB SSD since the space on this will embody make full improving soon,
235,Single bid it did come with at least a 500GB SSD since the space on this will be filled upwardly soon,
236,I likes it doc come with at littlest a 500GB SSD since the space on this will became identified up shortly,
237,I hoping it doc materialized with at least a 500GB SSD since the space on this will became implemented up quickly,
238,I hoping it doc incorporated with at littlest a 500GB SSD since the space on this will be filled in up quickly,
239,I hoping it don come with at littlest a 500GB SSD since the space on this will becomes identified up shortly,
240,"i'ate a software surgeon, now i install our fast laptop to do the daily work, and gamers notebooks that fits this requirement.",
241,"i'm a software developer, therefore we need this fast machine for do my dirty work, and gamers here usually have this definition.",
242,"i't a software developer, therefore i feel a software machine can serve my daily activities, and gamers generally usually fits this requirement.",
243,"i'am every brilliant scientist, so i need a fast machine to do our daily work, and gamers notebooks and stand this call.",
244,"Atomic number 53 ' m a software developer, so One call for a degraded machine to do my daily employment, and gamers notebooks unremarkably fits this requirement.",
245,"Atomic number 53 ' m a software developer, so I need a fast automobile to do my daily work, and gamers notebooks ordinarily fits this demand.",
246,"I ' m a computer software developer, so I demand a firm machine to get along my daily piece of work, and gamers notebooks usually fits this requirement.",
247,"I ' m a computer software developer, so I need a fast automobile to practice my daily study, and gamers notebooks commonly meet this requirement.",
248,"I ' m a software developer, so I required a fast machinery to do my day to day working, and games notebooks typically fills this requirement.",
249,"I ' m a software developer, so I deserved a fast machinery to do my everyday co workers, and games notebooks normally corresponds this requirement.",
250,"I ' m a software developer, so I needless a fast machinery to do my day to day workloads, and games notebooks normally correspond this requirement.",
251,"I ' m a software developer, so I requires a fast machinery to do my day to day working, and games notebooks generally correspond this requirement.",
252,i was looking for a lightweight guy who is sufficient for gaming.,
253,i was looking for a lightweight laptop she probably used for gaming.,
254,i was looking on a lightweight bike that sounded good for gaming.,
255,i am going for a lightweight tablet that is good for gaming.,
256,I embody looking for a lightweight laptop that be good for gaming.,
257,Ace was search for a lightweight laptop that is dependable for gaming.,
258,I be looking for a lightweight laptop that be good for gaming.,
259,I follow search for a lightweight laptop that is good for punt.,
260,I bore approximately for a lightweight notebook that is good for gaming.,
261,I bore looking for a light notebook that is good for gaming.,
262,I was l for a light laptop that originate good for gaming.,
263,I visited l for a lightweight laptop that information good for gaming.,
264,i continue searching for his laptop that to meet my needs when class and for the battery life we take on at go to do school work,
265,i tried searching for one device that would meet my needs for gaming and have the battery programmed for take for the go to graduate school because,
266,i was planning for some laptop that would meet all desire for gaming and in the battery life could take on some resources to do school work,
267,i was searching for a laptop that must address my needs for gaming and have a battery alive to take on and drive to do well so,
268,One was searching for a laptop computer that would meet my indigence for gaming and have the battery life to accept on the go to do school work,
269,1 constitute searching for a laptop that would forgather my needs for gambling and have the shelling sprightliness to read on the go to do school work,
270,I was searching for a laptop that would contact my needs for gaming and have the barrage fire life to subscribe on the go to do school work,
271,One was seek for a laptop that would meet my needs for play and have the battery life to subscribe to on the turn to fare school work,
272,I nothing exploring for a notebook that would meet my imperatives for gambling and given the battery life to take on the go to do classrooms workloads,
273,I supported securing for a notebook that would meet my needs for games and removed the battery lifetime to take on the go to do schooling workers,
274,I supported harvesting for a notebook that would meet my imperatives for games and left the battery lifetime to take on the go to do classrooms work,
275,I became scrutinizing for a notebook that would meet my essentials for gaming and approved the battery lifetime to take on the go to do schooling workplaces,
276,it could'a been really impressive if the keyboard that a little tad more skill sensitive.,
277,it would'ave made really grand if the keyboard that a little bit time travel friendly.,
278,it will've been quite impressive if the keyboard retreated a little in more its distance.,
279,it should've been too scary if the keyboard that a little bit faster for distance.,
280,Information technology would ' ve been rattling impressive if the keyboard that a little bit more travel distance.,
281,Information technology would ' ve be really telling if the keyboard that a little bit more travel space.,
282,It would ' ve been really telling if the keyboard that a little bit to a greater extent travel distance.,
283,It would ' ve been truly impressive if the keyboard that a little bit to a greater extent travel distance.,
284,It would ' ve beena exactly impressive if the keypad that a little bit more travelling differences.,
285,It would ' ve represented exactly impressive if the keypad that a little bit more travelling differences.,
286,It would ' ve investigated genuinely impressive if the keypad that a little bit more travelling telecommunications.,
287,It would ' ve removed actually impressive if the keypad that a little bit more travelling telecommunications.,
288,it could've been really trouble if someone put double slots for the men.,
289,it could'a been really nice and it had convenient slots for air storage.,
290,or could'ee stood really big if it had double slots for the storage.,
291,it could've married really nice if it had several slots for free money.,
292,It could ' ve been truly courteous if information technology had double slots for the storage.,
293,It could ' ve been really nice if it had duple one armed bandit for the computer storage.,
294,It could ' ve been really gracious if information technology had twofold slots for the storage.,
295,Information technology could ' ve be really decent if it had double slots for the storage.,
296,It could ' ve intervened really nice if it removed doubles slots for the stores.,
297,It could ' ve belonged really lovely if it had doubles slots for the stores.,
298,It could ' ve been exactly lovely if it had doubles slots for the warehouses.,
299,It could ' ve ben really lovely if it involved doubles slots for the storage.,
300,it wouldn've gone great if it came with one ethernet usb dongle or apple usb vitamin c charger,
301,it would've gotten great as it integrated with the original usb dongle and then usb type c to,
302,it must've been faster if you came between the ethernet power dongle and the electric type c charger,
303,it would'cha been obsolete except it came with the ethernet battery dongle and the old class c charger,
304,it would ' ve been great if it came with the Ethernet USB dongle and the USB type One c courser,
305,information technology would ' ve been heavy if it came with the Ethernet USB dongle and the USB type Vitamin c courser,
306,it would ' ve been corking if it came with the Ethernet USB dongle and the USB type C charger,
307,it would ' ve be great if it number with the Ethernet USB dongle and the USB type C charger,
308,it would ' ve concentrated large if it became with the Ethernet USB dongle and the USB characteristics C charger,
309,it would ' ve governments significant if it assumed with the Ethernet USB dongle and the USB characteristics C charger,
310,it would ' ve materialize significant if it concluded with the Ethernet USB dongle and the USB characteristics C charger,
311,it would ' ve labeled significant if it confiscated with the Ethernet USB dongle and the USB characteristics C charger,
312,"i run hard cuda workloads, so i used a fast usb to true automatic connection.",
313,"many run in cuda technology, so i built a java machine from an nvidia gpu.",
314,"members require hard cuda workloads, so only need full file download with an nvidia gpu.",
315,"would need hard cuda linux, we will need a fast machine with an nvidia port.",
316,"I run severely Cuda work load, so I need a fast political machine with an NVIDIA GPU.",
317,"I run hard Cuda workloads, so 1 call for a flying car with an NVIDIA GPU.",
318,"One go hard Cuda workloads, so One need a fast machine with an NVIDIA GPU.",
319,"I run hard Cuda workload, so I require a fast machine with an NVIDIA GPU.",
320,"I run hard Cuda work, so I needless a fast machinery with an NVIDIA GPU.",
321,"I run hard Cuda workflows, so I needless a fast machinery with an NVIDIA GPU.",
322,"I run hard Cuda workflows, so I required a fast machinery with an NVIDIA GPU.",
323,"I run hard Cuda workflows, so I requires a fast machinery with an NVIDIA GPU.",
324,i choose looking towards the powerful or small and thin. this ultrabook fulfills those goals.,
325,it was searching for something powerful but small and thin. this thing fulfilling those desires.,
326,i sat amazed at something powerful but small and thin. modern ultrabook lacked those characteristics.,
327,i was looking for something powerful but serious and dangerous. your man contained those characteristics.,
328,I was looking for something powerful but minuscule and thin. This Ultrabook fulfill those characteristic.,
329,1 was attend for something powerful but diminished and thin. This Ultrabook fulfills those characteristic.,
330,I live look for something powerful merely small and thin. This Ultrabook fulfills those characteristic.,
331,I was looking for something herculean only minor and thin. This Ultrabook fulfills those feature.,
332,I very overlooking for thing strongest but small and thin. This Ultrabook adheres those characteristics.,
333,I nothing looking for thing potent but small and thin. This Ultrabook fills those habits.,
334,I believed looking for thing powerful but small scale and thin. This Ultrabook implements those chars.,
335,I delivered l for thing potent but small and thin. This Ultrabook fulfills those indications.,
336,u wish the ghost scanner were a tad bit bit sensitive,
337,i wish the fingerprint designs were a tad bit off...,
338,i bet the fingerprint scanner were a little shade more sensitive,
339,i wish his ghost scanner were a trim bit more sensitive,
340,I care the fingerprint scanner were a tad second more sensible,
341,One wish the fingerprint scanner represent a tad bit to a greater extent sensitive,
342,Single bid the fingerprint scanner were a tad bit to a greater extent sensitive,
343,Single wish the fingerprint scanner were a tad bit to a greater extent sore,
344,I likes the fingerprint scan were a tad bit more delicate,
345,I wants the fingerprinting scanner were a tad bit more delicate,
346,I wants the fingerprint scan were a tad bit more delicate,
347,I wants the fingerprint scan became a tad bit more sensitive,
348,"i needed another small durable unit that had handle lots of artboards, heavy prints, coloring, and editing etc",
349,"i needed a small durable laptop you can use lots for shopping, heavy psds, videos, and editing etc",
350,"i needed my small durable laptop that can handle experimenting with artboards, color psds, animation, light editing when",
351,"i needed your small memory system that can handle hundreds of graphics, heavy psds, animation, video editing jobs",
352,"I needed a little perdurable laptop that can handle lots of artboards, profound psds, vivification, video editing etc",
353,"I need a small durable laptop that can manage lots of artboards, heavy psds, invigoration, video cut etc",
354,"I need a small durable laptop that backside handle lots of artboards, heavy psds, invigoration, television editing etc",
355,"One want a pocket sized durable laptop that can handle lots of artboards, heavy psds, animation, video editing etc",
356,"I must a small scale lasting laptop that can handle lots of artboards, heavy psds, animation, videotape compiling etcetera",
357,"I spent a small scale lasting laptop that can handle lots of artboards, heavy psds, animation, videotape compiling etcetera",
358,"I requires a small scale durable laptop that can administering lot of artboards, heavy psds, animation, videotape proofreading etc",
359,"I requires a small scale lasting laptop that can administering lots of artboards, heavy psds, animation, videotape editing etcetera",
360,i think i would be been happier doing the big screen.,
361,to think i would of been fine with the bigger screen.,
362,could think i would have spent happier with that bigger screen.,
363,i think i would have been happier in being big screen.,
364,I think I would experience been happier with the heavy screen door.,
365,I think I would have been well chosen with the big cover.,
366,I imagine I would have been happier with the bigger screen.,
367,I conceive One would have been felicitous with the bigger screen.,
368,I think I would given explored happier with the significant screen.,
369,I believe I would achieved investigated happier with the bigger screen.,
370,I believe I would characterized visited happier with the bigger screen.,
371,I believe I would removed visited happier with the bigger screen.,
372,a touch inside would be nice,
373,its touch screen would be nice,
374,a touch alone would be nice,
375,a new screen would be nice,
376,A touch screen would be nice,
377,A touch screen would equal nice,
378,A touch screen would be nice,
379,A touch screen would be decent,
380,A touch screen would be lovely,
381,A touch screen would became nice,
382,A touch screen would supported nice,
383,A touch screen would became nice,
384,i own a laptop with comparable quality and system compatibility to a lower price.,
385,i owned a laptop with premium quality and good looks or a lower end.,
386,i described a laptop having comparable functionality and good looks at a lower prices.,
387,some wanted the phone with comparable quality and good security at a lower price.,
388,I wanted a laptop with like quality and well looks at a small price.,
389,Iodin wanted a laptop with comparable lineament and good looks at a lower price.,
390,Single wanted a laptop with comparable quality and good looks at a dispirited mary leontyne price.,
391,1 want a laptop with comparable quality and well looks at a humiliated price.,
392,I wantedto a laptop with comparable capacities and good looks at a shallower pricing.,
393,I wished a laptop with comparable qualifications and good looks at a shallower pricing.,
394,I intended a laptop with comparable qualifications and good looks at a shallower pricing.,
395,I liked a laptop with comparable capacities and good looks at a shallower pricing.,
396,i ordered a terminal that would handle the smaller data processing jobs before shifting to some larger laptop computer.,
397,turing wanted a program that could handle significantly smaller data processing constraints between transferring to a small super computer.,
398,i wanted a laptop that did handle the enormous cpu processing expenses of switching to a larger super computer.,
399,i wanted a chip that couldn handle two smaller currency exchange jobs before transferring to a larger super machine.,
400,1 wanted a laptop that could care the smaller data processing jobs before remove to a larger super calculator.,
401,Iodine wanted a laptop computer that could handle the modest information processing jobs before transferring to a larger super electronic computer.,
402,I want a laptop computer that could handle the smaller data point action book of job before transferring to a larger super computer.,
403,I want a laptop that could handle the small data processing jobs before transfer to a larger super electronic computer.,
404,I wished a notebook that could handle the smaller data reporting households before transferring to a greater super desktops.,
405,I wanted a notebook that could handle the smaller dat processing responsibilities before spreading to a greater super computing.,
406,I warranted a notebook that could administering the smaller data processing possessing jobs before removing to a larger super computer.,
407,I wanted a notebook that could handle the smaller data processing procecessing jobs before relinquishing to a greater super computing.,
408,it would have been just nice to have retained the ability to plug in to their left or top side for guidance.,
409,it often has been ergonomically confusing to have had the chance to reverse in either from reverse or right side for charging.,
410,should probably have looked ergonomically nice to have had made flexibility to remain in either the left or one side for everything.,
411,it would have been ergonomically accessible to whoever had no flexibility to go with either the left nor right side after charging.,
412,It would have been ergonomically nice to get had the flexibility to punch in either the Left hand beaver state Right wing side for point.,
413,It would have been ergonomically nice to have had the tractableness to plug in either the Left or Right english for charge.,
414,It would have be ergonomically nice to have get the flexibility to plug in either the Left oregon Rightfield english for charge.,
415,It would have been ergonomically nice to hold had the flexibility to stop up in either the Left or Right side of meat for charge.,
416,It would characterized delivered ergonomically nice to given behaved the flexibility to plug in either the Left or Right sidelines for gathering.,
417,It would given explored ergonomically lovely to achieved towards the flexibility to plug in either the Left or Right sidelines for charging.,
418,It would removed been ergonomically lovely to removed involved the flexibility to plug in either the Left or Right sidelines for costs.,
419,It would given borne ergonomically lovely to approved achieved the flexibility to plug in either the Left or Right sidelines for charging.,
420,then you has two ac adapters to end user will be it!!,
421,if aorus sets two ac wires to end user will output so!!,
422,because they offers two ac adapters their end control will be fantastic!!,
423,if brand offers two ac models to end user then mean fantastic!!,
424,If AORUS offers two AC transcriber to stop user will live fantastic!!,
425,If AORUS offers deuce AC adapters to terminate user will be fantastic!!,
426,If AORUS offers deuce AC adapters to finish user will make up fantastical!!,
427,If AORUS offers two AC arranger to cease user bequeath be fantastic!!,
428,If AORUS fostering two AC adapters to includes consumers will supported fantastic!!,
429,If AORUS fostering two AC controllers to end user will supported terrific!!,
430,If AORUS reports two AC controllers to concluded consumers will be fantastic!!,
431,If AORUS encourage two AC adapters to finalized consumers will be terrific!!,
432,i wish us not more ports.,
433,i found there were foreign ports.,
434,i wish there were no lies.,
435,i remembered there were free ports.,
436,I wish there were more than port.,
437,I wish thither were more port.,
438,Atomic number 53 wish there live more ports.,
439,I bid thither were more ports.,
440,I wish there demonstrated more outports.,
441,I wish there very more harbours.,
442,I likes there were more airports.,
443,I wants there implemented more ports.,
444,I need a quick and responsive computer.,261.0
445,I am changing my old computer and I want a new one that is faster and more economical.,713.0
446,One of my flight attendent mentioned she wanted a light computer.,179.0
447,My family is going to have a new laptop and we are looking for a fast one with great graphics.,102.0
448,I need a perfect laptop for my office work in which it should be small and handy.,184.0
449,I do video editing so a good video card and a fast processor are expected.,467.0
450,"We need a perfect mobile business laptop and it should be quick, light and thin.",890.0
451,I am finding myself a nice computer which is fast and nicely designed.,71.0
452,My previous computer does no good to me so I need a new one that is lightweight with fast startup time and nice keyboard design.,1012.0
453,My old computer is not working and I am finding something that is fast and lightweight.,920.0
454,I like playing games so games should be able to run fast on the new computer.,346.0
455,I need a low priced mechine that is easy to setyp and sound greatly.,746.0
456,I need everything to be fast including the startup and operating.,915.0
457,A good sound output is necessary.,29.0
458,I need a new computer for myself that is solidly built and has lots of features.,39.0
459,I need the computer to have a clean resolution and audio.,504.0
460,I need a computer to handle my school work so it should run fast.,157.0
461,I need a light and fast computer.,891.0
462,"I need a computer which include a CD drive and run fast with Wifi, and of course the price should be reasonable.",394.0
463,I am finding a computer with great price.,52.0
464,I am finding myself a new computer that is fast and solidly built.,636.0
465,I have got a number of needs on my new computer so I am hoping for a cheap computer that fits all my needs.,359.0
466,I need to change my old business laptop and I am finding a model with a smooth keyboard and a nice look.,709.0
467,I want to have a light and sturdy computer.,402.0
468,My old computer is too slow and I need a new one.,421.0
469,I want to have a new computer that handles games well and boots up quickly.,448.0
470,I want to have a new gaming laptop and I want a nice display to come with it.,284.0
471,My brother needs a fast computer as his Christmas present.,227.0
472,I enjoy gaming and hope the new computer works great on that.,353.0
473,"I need a computer come up with the 2018 standard in sound output, keyboard and trackpad.",9.0
474,"I want to have a new computer for myself and I need to to be sleek, light and easy to use.",761.0
475,Speed is the aspect I look into when purchasing a new computer.,30.0
476,I am planning an upgrade for my wife and she needs it to be lightweight and fast.,887.0
477,I want a light laptop which can startup fast.,878.0
478,"I want to have a new computer that is lightweight, solid and has good specs.",592.0
479,I don't have much requirements for a new computer but I need it to run fast and setup easily.,334.0
480,A nice packaging and good looking computer would be nice for me.,880.0
481,I am looking for a computer that play games well with a reasonable price.,7.0
482,I hope the price fit with its performance.,517.0
483,I have been doing a lot of research on computers and I have been longing for a computer that is light and fast.,197.0
484,"For my meetings, I need a light computer with a long battery life.",888.0
485,I don't want the computer to be heavy or look dull.,392.0
486,I need to buy my wife a new computer and she wants it to be run fast and cool.,983.0
487,I am a performance ethusiatist and so an awesome processor is a must.,886.0
488,I want a faster computer than my old ones.,707.0
489,My old computer is too slow so I need a faster and lighter one.,599.0
490,The computer I want should have a high performance-cost ratio and a comfortable IPS panel.,510.0
491,I like playing games so I hope the new computer can play games at high settings effortlessly.,122.0
492,I have a lot of things to be done so I need a quick processor on my computer.,378.0
493,I am finding a solid computer with a lighted charger.,38.0
494,I need to use my computer whenever I want so it's better to startup fast.,943.0
495,"My old laptop is not working and I am looking for a new one that is fast, portable and light.",587.0
496,I need a fast computer with a low budget.,162.0
497,I don't want the new computer to constantly lag as my previous computer.,67.0
498,"My old computer doesn't work anymore so I need a new computer with cool graphics, CPU, RAM and ports.",124.0
499,I have been working in the computer industry and I am finding myself a computer with nice build quality and nice finish.,551.0
500,I can get a cheap computer and upgrade it later on.,4.0
501,I need a replacement computer that would run mush faster.,947.0
502,I am findinging myself a better computer with competitive specs and budget price.,762.0
503,I am taking the laptop to school and I want it to do fast in typing responsiveness and log in time.,1017.0
504,My old computer doesn't work for me anymore and I am finding a new one with terrifc specs in a great price.,854.0
505,I need some recommendations for a computer that comes with a high performance-cost ratio.,427.0
506,I need a gift that is fast and economical.,685.0
507,I hope it would be easy to setup right out of the box.,639.0
508,I have got a list of requirements for my desire computer.,506.0
509,Price is what I look into when purchasing a new computer.,356.0
510,I need a computer that stays within my budget.,399.0
511,I need a fast computer.,704.0
512,I do play some kinds of games and I need a new computer that work the games perfectly.,352.0
513,I need a computer with a high performance-cost ratio.,946.0
514,I need to take my computer to school so it's better to be lightweight.,817.0
515,The screen and touch pad should be great for my computer.,260.0
516,"I would just use the computer for some light use so all I need is fast, cheap and good graphics.",333.0
517,I need a computer that is good for multitasking.,153.0
518,A fast computer with a great screen resolution is what I need.,396.0
519,I need a big screen for my computer to make it easy to work.,501.0
520,I need a computer that comes with reasonable price and runs games well.,373.0
521,"As a student of Systems Engineering, I need a fast and portable computer to get my programme done.",590.0
522,I am finding a new computer for myself that has responsive keys and a beautiful screen.,312.0
523,I want to gift myself a light and portable computer.,598.0
524,I sometimes have long meetings so a computer with long battery life is a must.,42.0
525,I am looking for a new computer that comes with a high performance-cost ratio.,853.0
526,"The computer I need is the one with high performance-cost ratio, while having good cooling and consistent performance.",522.0
527,I am using the laptop for internet surfing as I need it to be lightweight and easy to setup.,912.0
528,I need a fast computer.,955.0
529,I work on webpage design so I hope the computer can work my graphic design programmes well.,699.0
530,I am looking for the best computer with the best price.,765.0
531,I am lacking money but I need a new computer that comes with a perfect price.,684.0
532,I am finding a computer for myself that show vivid colours and brightness.,667.0
533,I need a worthy computer with nice configuration.,937.0
534,I want some good-looking computer with good price.,986.0
535,My old computer has run solidly for eight years and I need a new one with a great price.,661.0
536,I need a new computer that run games greatly.,445.0
537,"I am finding a replacement computer and it should be fast, light and easy to use.",272.0
538,My old computer needs replacement with a lighter and faster model.,992.0
539,I want a fast and responsive computer.,519.0
540,My wife would like to have a computer with a high performance-cost ratio.,377.0
541,I want a computer that stay in my budget.,498.0
542,I need an upgrade from my old computer that I want a better processor and a decent GPU.,614.0
543,My current computer is not keeping up with my expectation so I need a new computer with a high performance-cost ratio.,993.0
544,I need a computer for everyday use that comes with a high performance-cost ratio.,923.0
545,I need a stylish computer for my work.,763.0
546,I need a computer with excellent expandability.,97.0
547,I have done some research on my new computer and I want a really fast one.,128.0
548,I need a fast computer to do video editing.,622.0
549,I have some criteria for my dream computer.,544.0
550,I don't plan to use the computer for studying so I just need the computer to play games well.,379.0
551,I work in IT for a living and I am buying myself a economical computer that does not have a reflective screen.,203.0
552,I am searching a good computer for school work and I think a computer with great graphic card and plenty of storage would be perfect.,343.0
553,I need a replacement for my old laptop and I want a new one with good screen and nice price.,818.0
554,I am finding a travel laptop for my trip and it must be light and has an amazing battery life with a tiny charger.,922.0
555,I want a high performance-cost ratio computer with a good fingerprint scanner and good keyboard backlighting.,518.0
556,I want a good-looking computer with an awesome keyboard.,876.0
557,A nice cooling stand would be good for my computer.,488.0
558,I need a few criteria for my new computer.,237.0
559,I need a computer with great build quality.,549.0
560,Our family computer needs a replacement and the new one should come with a right price.,400.0
561,My work require me to have a new computer so I am out here finding a thin computer with nice display and sturdy keyboard.,570.0
562,I need a computer with a reasonable price.,232.0
563,I am finding a new computer for my personal use that is slim and has a nice keyboard.,442.0
564,My old computer needs a replacement and the new one should be easy to set up while running cool.,98.0
565,I am looking for a replacement of my old computer which I require it to have a high performance-cost ratio.,990.0
566,I am going to buy a new computer and I want it to startup fast with a reasonable price.,1059.0
567,I need the computer to have high performance-cost ratio and low power consumption and heat.,511.0
568,I want a new computer that comes with a high performance-cost ratio.,686.0
569,I want a computer that is thinner than my previous computer.,217.0
570,I do some light gaming and I am finding an economical computer.,360.0
571,A good touchscreen should be included to the computer.,558.0
572,I wish the computer would perform greatly in images.,831.0
573,I need a new computer that is fast and economical.,1046.0
574,I have limited budget so the computer should come with a good price.,225.0
575,"I normally connect my laptop to my tv for gaming and I hope the new laptop do great in that, without being overheated.",18.0
576,I enjoy playing games and I would like the games to display well with good speaker and good graphic performance.,168.0
577,I need a present for my husband and I hope it can with a reasonable price.,292.0
578,I want to have a new computer that is easy to setup and produce good sound.,680.0
579,I need the look of the computer to be sleek.,397.0
580,What I need for school is a fast computer.,939.0
581,I need a sturdy computer with a beautiful screen and above-average sound quality.,540.0
582,I go on a lot of business travell so what I need is a computer that is light and doesn't take up much space.,328.0
583,I am finding a new computer that would startup quickly.,872.0
584,All I need is a computer that play games well.,1047.0
585,I want to change my old computer and I need a new one with a reasonable price.,702.0
586,What I expect is a good computer with a high performance-cost ratio.,93.0
587,I play games so I need a laptop to perform well in those.,213.0
588,I do a lot of professional tasks so I need a computer that run tons of programmes well with a fair price.,337.0
589,I have a number of files that need good memory to store them.,425.0
590,"I am starting my graduate school and I need a laptop that is thin, light and has a great screen display.",904.0
591,I need a new computer that is fast and own great backlit keyboard along with a beautiful display.,618.0
592,"My old computer has stopped working so I need a new computer with good internal specs, also, it should be fast and have amazing battery life.",115.0
593,I don't play many games but I still hope the computer would play games well.,158.0
594,I write programmes so I need a computer that is perfect for programming.,1063.0
595,I do virtualisation on my computer so I need a responsive laptop.,112.0
596,I am into coding and I need a new computer with plenty of RAM and amazing build quality.,36.0
597,I am looking for myself a work station but can run lots of games with a good price.,105.0
598,I hope the new computer meet up my expectations with the money I paid.,362.0
599,I like sleek looking computer.,365.0
600,I am a software developer and I need a fast computer to run my programmes.,441.0
601,I would need large storage for my files.,830.0
602,I am looking for the heapest option for my next computer which it should be fast and light.,565.0
603,I like taking my laptop around so I like it to be light and good looking.,351.0
604,I need a computer that can run my games fine and do editing.,490.0
605,I want a fast computer with a nice fingerprint scanner to accelerate.,249.0
606,I am in need of a new computer that is responsive and snappy.,958.0
607,I got many good years on my old computer and now I am changing to a faster model with a good touch screen and a good screen size.,634.0
608,I need an excellent choice for home working and it should be elegant and fast.,997.0
609,I am finding for a gaming laptop that startup fast and last long with a reasonable price.,406.0
610,The display must be incredible on my new computer.,965.0
611,I hope the computer will fit with my budget.,164.0
612,I am using the new laptop to take appointment with my clients and I need it to startup fast and have good processor and SSD.,991.0
613,My old computer needs replacement and I need one that is sleek and thin.,1058.0
614,I am in need of a new computer that is fast and slim.,932.0
615,My old computer is too slow so I need a new one.,83.0
616,I have some expectations on my new computer that it should have a good processor with enough RAM.,782.0
617,I am buying a new gaming laptop for my husband and I want a red backlit keyboard so it would be warm and comfortable to his eyes.,295.0
618,I cannot carry a heavy laptop around.,652.0
619,I do a lot of gaming and I am in need of a new computer that perform well in that aspect.,70.0
620,I am an average user and I need a computer that comes with good speed.,643.0
621,I major in Computer Science and I am finding myself a quick computer.,610.0
622,I am considering to change my old computer and the new one should be sleek.,744.0
623,I am finding myself a perfect gaming laptop.,64.0
624,I need a fast computer.,978.0
625,I need a Christmas present for my girlfriend and she wants a laptop that boot up fast and can be set up easily.,737.0
626,My old computer was on fritz so I need a new computer that is quick and easy to setup.,902.0
627,I use the computer for my personal use and I hope it won't heat up if overused.,127.0
628,I am learning a lot about processors recently and I am finding myself a fast computer with a high performance-cost ratio.,949.0
629,"I am buying a new laptop but I also want to do gaming on it, so it should run all games well.",1.0
630,I want to replace my old computer that I want one which runs fast and silently.,734.0
631,I need a computer with solid build quality and a reasonable price.,539.0
632,I need a computer to replace my old computer that should be fast and quiet.,601.0
633,I don't enjoy waiting so I need a computer that startup and shutdown fast.,308.0
634,I need a fast computer.,585.0
635,I will do research on the specs and I need a computer that bootup fast and silently.,899.0
636,"As an artist as well as a gamer, I need the laptop to be nice looking, thin and light.",410.0
637,I enjoy playing games on my laptop so I need a new one that have good specs with a reasonable price.,171.0
638,I am looking for a working laptop for myself and it should look good with a good feel of keyboard.,417.0
639,Speed is important to me when purchasing a new computer.,858.0
640,I am changing my old computer that I want a faster Wifi connection and bootup time.,998.0
641,"I want to upgrade my old computer that I want a faster, lighter and more attractive model.",603.0
642,I am finding a new computer for myself that is fast and has high internet connection.,460.0
643,I am going to find a new computer for long-term use.,980.0
644,I need a computer that coordinate well with my iPhone.,637.0
645,I try to present myself with a computer that has a good price.,423.0
646,I have always been hoping to have a fast computer with a backlit keyboard.,727.0
647,I need a fast computer to do basic home stuff.,315.0
648,I like beautiful things so my computer should have awesome looks.,376.0
649,I need the computer to perform great in gaming.,524.0
650,I am a middle-aged man and I have lower requirements on electrical device.,981.0
651,I am a student and I am finding a tablet for school that has a sleek design and a crisp screen.,438.0
652,The computer I want should look cool and own a nice graphic card.,841.0
653,A nice looking computer would be suitable for me.,150.0
654,I am changing my old laptop and I want a fast one that is well designed and great for gaming.,37.0
655,My must-have feature is a backlit keyboard.,556.0
656,Screen is the most important element to me so I want it to be sharp.,921.0
657,I am looking for a new computer that is lightweight and good looking.,908.0
658,I need a real fast computer.,724.0
659,I will need a laptop for software development and it should have good build quality with a decent battery life.,409.0
660,"Everyday I need to use my laptop so I need a big screen and a great keyboard to make it comfortable, of course, it should be fast also.",143.0
661,I often stick on to one brand and this time I am finding a laptop that is light and has a good keypad.,785.0
662,A reasonable price is what I consider when buying a new computer.,526.0
663,I am in need of a new computer that comes with high HDD capacity and low price.,970.0
664,I want to replace my old computer to a better looking computer.,583.0
665,A computer with marvelous screen and good price is what I need right now.,931.0
666,Our business need a computer that comes with a high performance-cost ratio.,208.0
667,I am taking the recommendations from my friend to find a new computer from Amazon.,440.0
668,I need a good laptop with reasonable price.,131.0
669,I would do as much research as I could to find the best use of my money for a powerful computer.,380.0
670,I am considering to change my old computer and what I need is a computer with a high performance-cost ratio and long battery life.,174.0
671,I want my future computer to have a high performance-cost ratio.,533.0
672,I don't have much money so I need a new computer with a good price.,703.0
673,I need a fast computer.,270.0
674,I want something sleek to play my games well.,407.0
675,I think the design of a computer do pay attribute.,797.0
676,I don't really have much money but I wish to have a computer that can run games on ultra graphic settings.,123.0
677,I look into graphics so I need a computer that can handle heavy graphics.,138.0
678,I won't pay too much money for a good computer.,51.0
679,"I need a different computer from my current computer, which is slow and heavy.",944.0
680,I enjoy gaming and I am finding myself a computer that handle that with ease.,624.0
681,The computer I want should handle all my needs with a good price.,275.0
682,I need a laptop with good build.,503.0
683,I am going to buy a new computer and I want it to have decent graphics and storage.,342.0
684,I want a quick computer with reasonable price.,256.0
685,I travel a lot so I would like to have a sturdy and handy laptop.,182.0
686,My old computer is sick and so I need new one that stays cool and quiet.,617.0
687,I have a number of games that I would like to try on my new laptop so it should have a large storage that is great for gaming.,300.0
688,I need some recommendations on a cheap computer which is easy to use and able to run smoothly.,690.0
689,I want a nice matte finish on my new computer so no fingerprints would be attached to it.,861.0
690,I need a computer with a high performance-cost ratio and a large memory.,240.0
691,I want a computer with high performance-cost ratio.,230.0
692,I am finding the best computer for my money.,665.0
693,I pay attention to my gaming experience but I also want a low price for a good computer.,326.0
694,I am looking through the recommendations on Amazon and want to find myself a quick computer.,900.0
695,My old laptop is not working and I am finding a lightweight and fast one with high performance-cost ratio.,458.0
696,"I will be using the laptop for work so it should be sleek, lightweight and easy to setup.",681.0
697,I am buying something from the Black Friday Bargain and I want a new computer that comes with good picture and good sound quality.,662.0
698,My old computer doesn't last long for the battery life and I hope the new one would.,857.0
699,A fast computer with a high performance-cost ratio is what I need.,465.0
700,I know something about computer and all I want is a good-looking computer that play games well.,163.0
701,I need a computer with a reasonable price.,167.0
702,"For my gaming laptop, I want it to have a beautiful design.",145.0
703,I am a console gamer but now I am finding a gaming laptop that has amazing speed and awesome graphics.,206.0
704,The temperature of the computer should be low while I am using it.,500.0
705,I don't have an unlimited budget so I want a computer with a large screen and a fast processor.,188.0
706,My next semester is coming and I am finding a new computer to cope with the work.,324.0
707,I need a good keypad on my computer to get my job done.,657.0
708,I am buying the computer for my family so I need a nice screen to protect their eyes.,833.0
709,I use laptop to watch movies so a large screen and clear pictures are necessary.,738.0
710,I am switching my old computer to a quicker and lighter one.,1004.0
711,I need the processor to be fast and responsive on my next computer.,934.0
712,I would be grateful to pay as long as the computer lives up to my expectation.,959.0
713,"The computer I want should startup fast, cool and quietly.",956.0
714,Weight is important to me when purchasing a laptop.,1013.0
715,I dont want my current computer anymore and I am looking for a new one coming with the perfect keyboard and screen.,575.0
716,I am finding myself a new computer that has a fast refresh rate and good video card.,79.0
717,I need a fast computer.,910.0
718,I am buying a laptop for my daughter and she wants it to be lightweight with a high performance-cost ratio.,687.0
719,"I want to get a computer that is slim, light, fast and great looking.",1021.0
720,A computer which can quickly download stuff is which I need.,953.0
721,I need a light computer which can turn on fast and run cool.,229.0
722,I do a lot of research before buying a new laptop and I want it to be fast and easy to setup and use.,723.0
723,I treasure every hour of work so I need a fast computer.,1033.0
724,I want to change my old computer and I want a fast computer with reasonable price.,874.0
725,I want to buy a new laptop so I can share it with my wife.,800.0
726,I have to do homework at night so it's better to include a backlit keyboard.,740.0
727,I am finding myself a new computer without a ton of bloatware.,100.0
728,My dream gaming laptop is the one that runs games well.,290.0
729,I am in need of a new computer that is sleek and compact.,755.0
730,I am looking for a computer that fulfil my data science demand and it should come with an awesome keyboard.,444.0
731,I need a computer that is easy to get started.,1039.0
732,I need to change my old laptop and I need one that run quietly and cool.,53.0
733,We are finding a new computer with a reasonable price.,739.0
734,I need a computer with high performance-cost ratio.,391.0
735,My wife need a computer to do her college work and she needs it to bootup fast and play games well.,86.0
736,I will need a functional computer.,1068.0
737,I am a student and I need a recommendation for a lightweight and thin computer.,666.0
738,I need a light computer.,251.0
739,"I tend to choose brand with good reputation and I want a sleek, new computer that comes with the perfect size and a ergonomic keyboard.",787.0
740,The computer I need should have a high performance-cost ratio and be solidly constructed.,499.0
741,All I need on a computer is high bootup speed and great graphics.,475.0
742,I am getting a new tablet for my online college so I need a big screen and a nice pen.,670.0
743,I want to have a new computer that is easy to setup.,271.0
744,I am in college and I need a sturdy and solid computer that comes with a high response rate.,44.0
745,I want a computer with good performance and low cost.,788.0
746,I enjoy playing games on my laptop so I hope the laptop do magnificent job of graphics and gameplay.,113.0
747,I am taking the laptop to school and I want it to have a good selection of ports for my use.,24.0
748,I am finding a replacement for a higher performance-cost ratio.,211.0
749,I need a good piece of computer with a low cost.,620.0
750,I am finding the best computer with my limited budget.,832.0
751,I am finding for a new gaming laptop.,169.0
752,"The current computer is not working and I want a new one that is slim, light and well crafted.",591.0
753,I do a lot of typing so the keys should be wonderful.,1052.0
754,My old computer is not working properly so I want a computer with a higher performance-cost ratio.,596.0
755,I want the computer to be quiet and stay cool while playing games with a high perfomance-cost ratio.,520.0
756,I am finding a sturdy computer with a nice keyboard.,32.0
757,I do a lot of typing at night so it would be good if the keys are highly visible at night.,611.0
758,I do literally everything on my laptop so I hope it to be easily upgradable and have a reasonable price.,109.0
759,I would use the computer for light gaming so I hope the computer would play games well.,136.0
760,I use CAD programmes so I am finding a computer that run those programmes well.,330.0
761,I am going back to college later and so I need a laptop with a huge screen and a number pad on the keyboard.,222.0
762,I am in need of a new computer and it should work fantasticly for games.,28.0
763,I am finding a fantastic bargain for my gaming computer.,287.0
764,I need the laptop to look much as a PC so it should have a full keyboard and a good touchscreen.,722.0
765,I play games on laptop and I am finding a professional computer for that.,55.0
766,I have a kid in school and I am buying him a new laptop with a chassis texture.,1054.0
767,I am finding myself a light and fast computer.,996.0
768,I need a great screen to better do my spreadsheets.,1019.0
769,I dont have much money so I need a computer that comes with a great price.,822.0
770,I need a powerful laptop to bring to class so it should be small but with a big screen for multitasking.,48.0
771,I need the specs to be perfect on my computer that means for the screen and the touchpad.,1022.0
772,I am finding my first laptop in college and I need it to have excellent visual fidelity and a full keyboard.,1057.0
773,My old computer lasts for five years and now I am finding a new one with large storage and high performance-cost ratio.,642.0
774,I need a computer with a good trackpad and battery life which can max out any games.,545.0
775,"I need a computer which has an excellent keyboard and a great screen, but also not too attractive to eyeballs.",477.0
776,I want a well-built computer.,547.0
777,I play lots of games and I'm finding a new computer that run fast of all my games.,843.0
778,"Once I find a computer that fits my needs, I am willing to spend the appropiate amount of money.",63.0
779,"I don't have much requirement for my new computer, it just need to be cheap.",413.0
780,"As a person who is into light gaming and video editing, I need a computer that goes perfect for both the aspect.",384.0
781,I am taking a laptop that is travel-friendly and lightweight.,1006.0
782,My family and I need a fast computer with a high performance-cost ratio.,322.0
783,My computer doesn't play my games well so I need a new one that plays games with no stutters.,451.0
784,A thin and light computer is preferable.,879.0
785,I need a fast laptop with good configuration.,234.0
786,I am buying a Christmas present for my daughter and she wants it to be fast to meet her needs.,656.0
787,I haven't been using a laptop for a while and it would be good to be easy to set up.,855.0
788,I need a fast and lightweight computer.,557.0
789,I have got a lot of photos and I need a roomy device for that.,462.0
790,I surf the internet all day and I am finding a new laptop that do fast in that.,424.0
791,I need to take a laptop to my internship and I hope it comes with reasonable price and nice look.,995.0
792,Speed is what I look into when purchasing a new computer.,303.0
793,I am replacing my old computer and I want a lighter and more sturdy one.,1000.0
794,I am a software developer and I am finding a new computer that can run IDSs with no glitch in a low cost.,689.0
795,I need a fast computer.,219.0
796,I depend on reliable resources to make up my decision on a new computer.,984.0
797,I don't have a huge budget for my new computer so it should come with a good price.,296.0
798,I have never had a laptop before and so I am finding one that can run games with an amazing battery life.,21.0
799,I need a good keyboard for my typing work.,760.0
800,An adequate screen should be installed on the computer.,869.0
801,A fast computer is what I need.,420.0
802,I am a student and I want a computer that has a powerful quad core and sturdy construction.,325.0
803,I need a computer that powers up smoothly with a reasonable price.,821.0
804,My work requires for a better computer that comes with a sturdy keyboard with useful backlighting.,199.0
805,I will use the computer for gaming and I hope there would be a sharp display and a high refresh rate.,450.0
806,I don't have much money so good price is important for a new computer.,137.0
807,A good design and a cool keyboard should be applied to the computer.,536.0
808,I do basic business application on my laptop so I need sufficient amount of RAM and large drive of my data.,696.0
809,I am waiting for my husband to buy me a lightweight computer that has the perfect size.,717.0
810,"I am finding a new computer that is light, handy and easy to use.",646.0
811,I have some light use of the computer and I hope the price wont be too expensive.,811.0
812,I am going to find a fast computer for myself.,628.0
813,I need a fast computer.,212.0
814,I do video editing so the computer should work great with that.,1048.0
815,I need a nice backlit keyboard to do work at night.,1032.0
816,"I do pay attention to user response on computer and I am finding one that is quick, light and slim.",1027.0
817,I want a computer that have great specs and amazing cooling.,505.0
818,My old computer is not working and I need a new one that bootup fast.,916.0
819,I need the computer to boot up fast.,231.0
820,I need a laptop that fit in my budget with cool looking and ability to play games without issues.,405.0
821,I know what I need for my new computer: good size and bright screen.,729.0
822,I want to have a new computer for myself.,568.0
823,I want the new computer to come with a cool touch screen.,317.0
824,I am replacing my old laptop for a better-sized laptop.,183.0
825,I don't want to have much bloatware on my computer.,968.0
826,I was looking to upgrade my old computer but eventually I decided I would just find a new computer that is more upgradable.,966.0
827,I use my laptop for school so I need it to be light and sleek.,852.0
828,I am not finding a fancy computer but a powerful computer with a low cost.,693.0
829,I am a student and I want to find a fast and light computer for my everday use.,609.0
830,I focus on the design of a laptop very much so a beautiful finish and a beautiful screen is a must.,626.0
831,We need a new laptop for CCTV management and it should bootup fast and have a good battery life.,909.0
832,The computer I need is the one which can be opened up and upgraded easily and have a good build quality.,485.0
833,I am purchasing a new computer mainly for gaming so it should play games smoothly and have a gorgeous screen.,278.0
834,I am purchasing a new computer to replace my old one and the new one should come with mosterous storage capacity and high performance-cost ratio.,630.0
835,I tend to use my next computer for a long time so the graphics ought to be beautiful.,20.0
836,I am trying to find a new gaming laptop that plays my games fast and quietly.,170.0
837,I need a new computer that has a high performance-cost ratio.,401.0
838,I need a new computer for myself that is lightweight and fast.,901.0
839,I would need enough ports for charging and for further installment.,1029.0
840,I am replacing my old computer with a lighter one.,566.0
841,I want to find a laptop that can play games with my friends so I need it to have great performance for gaming and be cheap.,176.0
842,It would be enjoyable to have a computer that is speedy with an amazing sound system.,327.0
843,I want to get to use the computer as soon as possible so it's better to have some pre-loaded software.,706.0
844,I need a nice computer for my work and it should come with awesome specs with a great price.,198.0
845,I need some good specs on the computer for my business.,470.0
846,I only have simple needs on my laptop so it just has to be lightweight and economical.,850.0
847,I need the computer to boot up fast to meet my needs.,951.0
848,I have limited budget so I need a new computer with great price.,864.0
849,Speed is what I concern when purchasing a new computer.,694.0
850,I need the screen to be nice and big while maintaining a light weight.,266.0
851,I am in a nursery school and I use my laptop several hours a day.,866.0
852,I do photo editing and I am finding a computer that boot fast and run quietly.,615.0
853,A good touch screen should be installed on my new computer.,732.0
854,The computer I want should handle my games with ease and run super fast.,492.0
855,I don't require much for my new computer but speed is important.,130.0
856,I am finding myself a new computer that is light and come with nice size.,865.0
857,My old laptop has a broken screen and I want a more good looking one.,1030.0
858,I can't use my old computer anymore and I need a new one that is fast and reasonably priced.,338.0
859,I need a computer that immdiately wakes when I use it.,1064.0
860,My desire computer should own a great keyboard and a powerful cooling system.,489.0
861,I need a new computer for myself and I want it to come with superb build quality.,572.0
862,"My old computer needs replacement and I need the new one to be lightweight, quick and economical.",606.0
863,The only requirement I have for my computer is it has to be easy to use.,193.0
864,I do multitasking so I need a good system to come with the laptop.,140.0
865,My household has different needs for a computer and so it should be fast and have great graphics.,416.0
866,I usually stick to one brand when it comes to computer and now I want a computer that runs cool  and be easily upgradable.,660.0
867,I want a high performance-cost ratio computer which can do fast start-up.,476.0
868,A fast computer with a responsive touchscreen is what I need.,714.0
869,I would use the new computer with my wife so I want it to look sleek and have a good speaker.,152.0
870,I want to have a new laptop that is lightweight with a great battery.,889.0
871,I am trying to upgrade from an old computer that I need the new one to be thinner and lighter and more economical.,903.0
872,I plan to have a great bargain on a new computer.,849.0
873,My old computer is too heavy and doesn't last long so I need a new one.,892.0
874,I want to purchase a computer that is portable and lightweight.,1016.0
875,"I am changing my old computer and I want the new to be quick, responsive and economical.",10.0
876,I need a eye-catching display and a satisfying backlit keyboard for the computer.,269.0
877,I am changing my old computer to a more classy-looking one.,96.0
878,A computer with a high performance-cost ratio is what I need.,210.0
879,I need a new computer for work so everything should be fast including the bootup.,1060.0
880,"For an everyday use computer, I need it to have good colour with great price.",752.0
881,I am finding myself a great computer that is solid and priced greatly.,569.0
882,"I am buying a new laptop for my husband and he wants it to be lightweight, clear and sharp.",1034.0
883,I would like to have great colour on my computer.,813.0
884,I recently need a new computer that comes with high speed and minimal bloatware.,775.0
885,I need a computer that is easy to setup and come with a high quality monitor.,871.0
886,I need a good video card to go with my computer.,548.0
887,I lost my old taplet so I am finding for a new one that show awesome graphics.,1036.0
888,I need a computer with high performance-cost ratio.,532.0
889,My gaming niece wants some right specs for his computer.,43.0
890,I want a replacement for my old computer and I need a new one that comes with amazing build quality.,332.0
891,I wish I would be happy with the money I spent for a perfect computer.,75.0
892,I need a work horse that is light and quiet and easy to use.,712.0
893,I am buying a computer as Christmas present for my son and he specifies that it has to be great for games.,77.0
894,I need a fast computer.,263.0
895,I am finding a new computer that have good specs but low price.,1066.0
896,I want to spend as less as possible on my new laptop.,149.0
897,"As a college student, I am finding an affordable laptop which has a solid construction.",987.0
898,"I am in need of a new computer that is slim, portable and affordable.",588.0
899,I want a computer with long battery life.,514.0
900,I need a vivid development platform that is lightweight and has a nice backlit keyboard.,454.0
901,The only thing I require on my computer is great specs with decent price.,469.0
902,The screen should be gorgeous and responsive on my computer.,564.0
903,My computer just recently broke down so I need a new computer immediately.,774.0
904,I need a quiet computer with high performance-cost ratio.,461.0
905,The computer should be light.,253.0
906,I need a strong upgrade from my old computer that is faster and has better screen.,896.0
907,I am currently running out of savings but I want a nice computer with a nice price.,771.0
908,I am buying a new computer for my wife and so the computer should play games with no problems.,845.0
909,Specs are important aspect that I look into when purchasing a new computer.,369.0
910,I need a recommendation of a handy and light computer for my sister.,321.0
911,I am finding a new computer with amazing boosted frequency and useful amount of RAM.,695.0
912,I need a computer with a reasonable price.,151.0
913,"I need something to bring to work and I hope it would be thin, light and sturdy.",1041.0
914,I am looking for recommendation on a fast computer with fantastic price.,928.0
915,I did a lot of research on my new computer and my wish is to have a fast computer that play games well.,302.0
916,I want to have a new computer that comes with the highest performance-cost ratio.,190.0
917,"I will use the computer for general school work thus I need it to be lightweight, fast and portable.",586.0
918,My wife needs a new computer and I am planning to gift her one that have nicely arranged keyboard and low cost.,348.0
919,I want a fast and light computer.,243.0
920,My old computer is not working anymore and I am finding a new computer with a nice price.,967.0
921,"It would be pleasant to have been able to use the computer as soon as possible, so it should be easy to set up.",793.0
922,I am going through a replacement of my old computer and I want the new one to come with good specs and great display colour.,87.0
923,My old computer doesn't work for me anymore and I need a fast one with lots of space.,751.0
924,The hard drive of my old computer died so I need a new one with large storage and reasonable price.,655.0
925,I am new to gaming laptop and I want some really good red back-lit keys because that looks cool.,279.0
926,I need a fast computer.,778.0
927,I need the computer to come with Microsoft programmes.,418.0
928,I need some recommendations for an awesome gaming laptop.,288.0
929,The computer I am buying must be fast.,648.0
930,Photo editing is my job so I would need a computer that have good screen resolution.,166.0
931,I need a computer that comes with low price and high specs.,595.0
932,I need a computer with a good hardware.,313.0
933,I don't enjoy waiting so I need the computer to startup fast.,933.0
934,I need a new gaming laptop with some good build quality.,155.0
935,I am becoming a coder and I need a new computer that is sleek and has large storage space.,999.0
936,I am looking for a quiet computer with a good price.,25.0
937,My old computer is not working and I need a fast and well built one.,196.0
938,I am finding a all-rounded computer that is sturdy and has great design.,15.0
939,The computer I will be using should be light and have thin edges.,883.0
940,Specs ought to be good on my computer.,621.0
941,I need a plain notebook without those flashy light but still keep a beautiful design.,497.0
942,I have got a lot of documents from my work so I need a new computer that can store all those files with a reasonable price.,792.0
943,My old computer is starting to be unreliable so I need a new one that has lots of space yet running fast.,964.0
944,The computer I will be using should have a high performance-cost ratio.,515.0
945,"The computer should have great build quality and specs, but also with a good price.",542.0
946,I am finding myself a fast computer.,456.0
947,I am buying a laptop for my brother who just entered into college and the amount of storage ought to be more than enough.,633.0
948,I need a solid hard drive to run everything smoothly.,431.0
949,I am changing my old computer and I want the new one to be easy to upgrade with a high performance-cost ratio.,627.0
950,"My old computer needs replacement and the new one should come with a big screen, sleek design and wonderful keyboard lighting.",728.0
951,I plan to do some laptop gaming so it should play games well and fast.,209.0
952,My wife says she needs a computer that is easy to use and works well with Wifi.,316.0
953,"I need the computer to do well in gaming and editing, of course with a good price also.",513.0
954,I do basic browsing and I am finding a cheap computer which comes up with the performance.,829.0
955,I need a state-of-the-art laptop that comes with a low price.,319.0
956,I need a computer to do typical home computer work and it should be light and has a bright screen.,1031.0
957,A computer that runs games well with a low cost is what I needed.,141.0
958,I need a new computer that is easy to setup with a high performance-cost ratio.,753.0
959,I need some recommendations on a fast computer.,1001.0
960,My old computer does not work as great as it was so I am finding a new one with a beautiful screen and good build quality.,580.0
961,I pay many effort into investigating computers and now I want a sturdy and portable one.,562.0
962,I want a light computer.,398.0
963,I need a handy computer.,668.0
964,The computer should have a light but large enough screen accomplished with speed.,252.0
965,I read a lot of reviews and I decided I would buy a computer that is fast with a budget price.,907.0
966,I do spreadsheets all day and I want to find myself a computer with a high performance-cost ratio.,468.0
967,I need a light computer with a good screen.,914.0
968,I hope the money I spent would be exchanged for a good computer.,357.0
969,I want a computer that is able to run games at a high-ultra setting without getting too hot.,508.0
970,I am looking for a Mother's Day present that is easy to setup.,749.0
971,I produce music so I hope the new computer works great for the software with a reasonable price.,129.0
972,I expect my new computer will be fast and reasonably priced.,144.0
973,"As long as the price is reasonable, I would be happy to pay for a powerful computer.",960.0
974,My old laptop is not working and I am finding a new one that has good amount of RAM and storage.,847.0
975,I want an economical and fast computer.,715.0
976,I am finding something new to replace my old computer that has a higher portability and better display.,905.0
977,"The computer should boot up and connect to the Wifi in a super fast way, but I don't want the price to be too high and the diplay should be great also.",235.0
978,A lightweight computer is what I need.,1061.0
